Idx,Filename,Size_MB,Operation,Serial_s,OMP_2,OMP_4,OMP_8,CU_128,CU_256,CU_512
1,sample1.txt,0.000981331,Encryption,0.0001308,0.0003813,0.0007002,0.0014374,0.0022323,0.0010902,0.0006909
1,sample1.txt,0.000981331,Decryption,0.000133,0.0012524,0.0005974,0.0015941,0.0008144,0.0006963,0.0005996
2,sample2.txt,0.00421429,Encryption,0.0004873,0.0021989,0.0009538,0.0019783,0.0008841,0.0006855,0.0006008
2,sample2.txt,0.00421429,Decryption,0.0004981,0.0014378,0.0007503,0.0026264,0.0007797,0.0005998,0.0008064
3,sample3.txt,0.00745201,Encryption,0.0009039,0.0018037,0.0008376,0.0015413,0.0006883,0.0006289,0.0005787
3,sample3.txt,0.00745201,Decryption,0.0009174,0.0014815,0.0010852,0.0016835,0.0007522,0.0005887,0.000591
4,sample4.txt,0.0106907,Encryption,0.0012668,0.0017817,0.0017944,0.0017519,0.0008139,0.000602,0.0006054
4,sample4.txt,0.0106907,Decryption,0.0012675,0.0019461,0.0010926,0.0017342,0.0007763,0.0006453,0.0006144
5,sample5.txt,0.0139284,Encryption,0.0017839,0.0023804,0.001325,0.0021452,0.0007973,0.000674,0.000688
5,sample5.txt,0.0139284,Decryption,0.0018894,0.0022655,0.001185,0.0020537,0.0008287,0.0007048,0.000704
6,sample6.txt,0.0171661,Encryption,0.003105,0.0027516,0.0013577,0.0019616,0.0008533,0.0006739,0.0006983
6,sample6.txt,0.0171661,Decryption,0.0023699,0.0024586,0.0013616,0.0022423,0.0007922,0.0007064,0.0006147
7,sample7.txt,0.0204048,Encryption,0.0033607,0.0034047,0.0015071,0.0021106,0.0008643,0.000712,0.0006331
7,sample7.txt,0.0204048,Decryption,0.0027803,0.0027124,0.0013954,0.0029753,0.0009117,0.0006916,0.0007057
8,sample8.txt,0.0236425,Encryption,0.0033222,0.0036769,0.0015482,0.0023457,0.0008443,0.000735,0.0006766
8,sample8.txt,0.0236425,Decryption,0.0032854,0.0029778,0.0016249,0.002638,0.0008024,0.0006865,0.0006905
9,sample9.txt,0.0268803,Encryption,0.0037195,0.003323,0.0018873,0.0029848,0.0008508,0.0006967,0.0006689
9,sample9.txt,0.0268803,Decryption,0.0036996,0.0035968,0.0018532,0.0022342,0.0008351,0.0006437,0.0006022
10,sample10.txt,0.0301189,Encryption,0.0041775,0.0040809,0.0027219,0.0034395,0.0008315,0.0007247,0.0006668
10,sample10.txt,0.0301189,Decryption,0.0068306,0.0039065,0.0021062,0.0032197,0.0009028,0.0007322,0.0006801
11,sample11.txt,0.0333567,Encryption,0.0046785,0.004297,0.0019447,0.00301,0.0008515,0.0006899,0.0006121
11,sample11.txt,0.0333567,Decryption,0.004547,0.0039729,0.0020773,0.0030734,0.0008114,0.000639,0.0006168
12,sample12.txt,0.0365953,Encryption,0.0082057,0.0051342,0.0028741,0.0031273,0.0008077,0.0008034,0.0007094
12,sample12.txt,0.0365953,Decryption,0.0085173,0.0041839,0.0020337,0.0029811,0.0008615,0.0006903,0.0006735
13,sample13.txt,0.0135031,Encryption,0.0019487,0.0025177,0.0015242,0.0026635,0.0008402,0.0006497,0.0006031
13,sample13.txt,0.0135031,Decryption,0.0020526,0.0027984,0.0014633,0.0026644,0.0008242,0.0007135,0.0006788
14,sample14.txt,0.0168104,Encryption,0.0037404,0.0036871,0.0013336,0.0026491,0.0008982,0.0007133,0.0006722
14,sample14.txt,0.0168104,Decryption,0.0023203,0.0024871,0.0016409,0.0026497,0.0007871,0.0006721,0.0006557
15,sample15.txt,0.0209217,Encryption,0.003076,0.0033263,0.0020494,0.0027651,0.0008511,0.0007014,0.0006587
15,sample15.txt,0.0209217,Decryption,0.0033144,0.0030289,0.0015923,0.0033122,0.0008601,0.0006068,0.0006341
16,sample16.txt,0.0260391,Encryption,0.0035782,0.0042208,0.0017267,0.0029998,0.0008881,0.0007333,0.0005895
16,sample16.txt,0.0260391,Decryption,0.0037198,0.0033356,0.0018305,0.0029601,0.0008388,0.0007177,0.0007194
17,sample17.txt,0.0324106,Encryption,0.007214,0.0037795,0.0018196,0.0025732,0.0008221,0.0006605,0.0006833
17,sample17.txt,0.0324106,Decryption,0.0044463,0.0036579,0.0022042,0.0036195,0.0007458,0.0006797,0.0006957
18,sample18.txt,0.0403414,Encryption,0.0058493,0.0047087,0.0022432,0.0036697,0.0007955,0.0007651,0.0007162
18,sample18.txt,0.0403414,Decryption,0.0056658,0.0044442,0.0021298,0.0030394,0.000858,0.0007053,0.0006559
19,sample19.txt,0.0502129,Encryption,0.0112231,0.0049119,0.0026035,0.0038974,0.0017019,0.0008308,0.0007538
19,sample19.txt,0.0502129,Decryption,0.0068775,0.0051678,0.0026435,0.0041122,0.0009383,0.0007261,0.0007411
20,sample20.txt,0.0625,Encryption,0.0090581,0.0062047,0.0035075,0.0034393,0.0010429,0.0008455,0.0008358
20,sample20.txt,0.0625,Decryption,0.0087639,0.0059824,0.0027994,0.0039644,0.0008963,0.0008106,0.0007754
21,sample21.txt,0.0718765,Encryption,0.0099691,0.0073447,0.0032497,0.0038864,0.0010122,0.0008705,0.0009129
21,sample21.txt,0.0718765,Decryption,0.0101386,0.0068045,0.0034704,0.0040222,0.0010907,0.0008822,0.0008706
22,sample22.txt,0.0825577,Encryption,0.011584,0.008161,0.0034475,0.0040813,0.0010121,0.000793,0.000771
22,sample22.txt,0.0825577,Decryption,0.0115909,0.0075243,0.003396,0.0039972,0.0010046,0.0007582,0.0007665
23,sample23.txt,0.0948277,Encryption,0.0136542,0.0083651,0.0039983,0.0055666,0.0010116,0.0009169,0.0009186
23,sample23.txt,0.0948277,Decryption,0.0132248,0.0090537,0.0041017,0.0050514,0.0010129,0.0009189,0.0008564
24,sample24.txt,0.108922,Encryption,0.0163213,0.0095005,0.0047991,0.006803,0.0009628,0.001022,0.0013748
24,sample24.txt,0.108922,Decryption,0.0153165,0.0095087,0.0044142,0.0047825,0.0034907,0.000935,0.0008568
25,sample25.txt,0.125111,Encryption,0.017952,0.0106279,0.0055663,0.005087,0.0010747,0.0009323,0.0009021
25,sample25.txt,0.125111,Decryption,0.0174488,0.0104636,0.005058,0.0052822,0.0010481,0.0008276,0.0007766
26,sample26.txt,0.143706,Encryption,0.0205512,0.0117651,0.0055715,0.0056723,0.001099,0.0009229,0.0008754
26,sample26.txt,0.143706,Decryption,0.0200822,0.0117095,0.006147,0.0081563,0.0009913,0.0008351,0.0008562
27,sample27.txt,0.165065,Encryption,0.0231546,0.0134229,0.0069312,0.0062152,0.0011591,0.0009944,0.0009068
27,sample27.txt,0.165065,Decryption,0.0232849,0.013395,0.0064425,0.0078518,0.0011109,0.0009052,0.000838
28,sample28.txt,0.189598,Encryption,0.0278724,0.0155585,0.0076541,0.0070612,0.0011757,0.0010366,0.0010076
28,sample28.txt,0.189598,Decryption,0.0293487,0.015886,0.0079564,0.0094085,0.0011115,0.0009267,0.0008686
29,sample29.txt,0.217779,Encryption,0.032374,0.0184791,0.0091414,0.0146415,0.0012056,0.0009991,0.0009892
29,sample29.txt,0.217779,Decryption,0.0326919,0.0194811,0.0096498,0.0089384,0.0012659,0.0011778,0.0010778
30,sample30.txt,0.250148,Encryption,0.040342,0.0223941,0.0136637,0.0130006,0.0012331,0.0010955,0.0010215
30,sample30.txt,0.250148,Decryption,0.0414045,0.0235504,0.0151942,0.0127085,0.0012664,0.0011258,0.0010819
31,sample31.txt,0.287327,Encryption,0.0488036,0.0261548,0.0136329,0.0186842,0.0013798,0.0010785,0.0010813
31,sample31.txt,0.287327,Decryption,0.0505015,0.0273188,0.0137201,0.0134137,0.0013499,0.0010689,0.0010969
32,sample32.txt,0.330033,Encryption,0.0575161,0.0306492,0.0163503,0.0195911,0.0012894,0.0010987,0.0011124
32,sample32.txt,0.330033,Decryption,0.0618287,0.0330122,0.016726,0.0147336,0.0016726,0.0013812,0.0012834
33,sample33.txt,0.379086,Encryption,0.0694981,0.0364281,0.0201033,0.020589,0.001443,0.0012137,0.0012214
33,sample33.txt,0.379086,Decryption,0.0677233,0.0369383,0.0188788,0.0165779,0.0014565,0.001229,0.0011727
34,sample34.txt,0.43543,Encryption,0.0845561,0.0428364,0.0218696,0.0307456,0.0013498,0.0016592,0.0017536
34,sample34.txt,0.43543,Decryption,0.0806275,0.0438885,0.0214649,0.0218727,0.0014508,0.0016976,0.0015963
35,sample35.txt,0.500148,Encryption,0.0947621,0.0509278,0.0240446,0.0251171,0.0019259,0.0016835,0.0016529
35,sample35.txt,0.500148,Decryption,0.0989531,0.0503851,0.0380499,0.022637,0.0021709,0.0019939,0.0019293
36,sample36.txt,0.574485,Encryption,0.110026,0.0575218,0.0282186,0.031994,0.0028436,0.0016976,0.0017306
36,sample36.txt,0.574485,Decryption,0.108548,0.0556065,0.029902,0.0292491,0.0019963,0.0016827,0.0016435
37,sample37.txt,0.659871,Encryption,0.126884,0.0622852,0.0309985,0.0266662,0.0021727,0.0020073,0.0019466
37,sample37.txt,0.659871,Decryption,0.142007,0.0661875,0.0328319,0.0346152,0.0021347,0.0017659,0.0018556
38,sample38.txt,0.757948,Encryption,0.140878,0.0728511,0.0357806,0.030788,0.002169,0.0020116,0.0019109
38,sample38.txt,0.757948,Decryption,0.137219,0.0725656,0.0352876,0.0356301,0.0020992,0.001874,0.0021064
39,sample39.txt,0.870602,Encryption,0.161684,0.0817997,0.0428233,0.0420981,0.0023971,0.0028198,0.0028098
39,sample39.txt,0.870602,Decryption,0.161753,0.0863006,0.0406154,0.0436528,0.0026263,0.0028979,0.0029446
40,sample40.txt,1,Encryption,0.180537,0.0912512,0.0455609,0.0519654,0.0041727,0.0037883,0.0038739
40,sample40.txt,1,Decryption,0.174322,0.0925832,0.0468057,0.0364037,0.003975,0.0037493,0.0039244
41,sample41.txt,1.15001,Encryption,0.206623,0.106273,0.0524461,0.0431955,0.0044716,0.0039415,0.0041712
41,sample41.txt,1.15001,Decryption,0.21095,0.106053,0.0520928,0.0507541,0.0043054,0.0040619,0.004125
42,sample42.txt,1.32092,Encryption,0.235561,0.119788,0.0606235,0.0503765,0.0043931,0.004727,0.0047768
42,sample42.txt,1.32092,Decryption,0.235255,0.117448,0.0599101,0.0718405,0.0046506,0.0050608,0.0049058
43,sample43.txt,1.51725,Encryption,0.26413,0.130943,0.0680627,0.0548931,0.0054031,0.005355,0.0079932
43,sample43.txt,1.51725,Decryption,0.268047,0.137631,0.0675764,0.0677902,0.0055075,0.0054813,0.0052672
44,sample44.txt,1.74276,Encryption,0.30819,0.153693,0.0756064,0.0712466,0.0057027,0.0059445,0.0059225
44,sample44.txt,1.74276,Decryption,0.300523,0.150783,0.0765459,0.0866093,0.0057335,0.0102285,0.005714
45,sample45.txt,2.00179,Encryption,0.351874,0.208682,0.0866352,0.0833712,0.0070007,0.0097855,0.0068582
45,sample45.txt,2.00179,Decryption,0.350096,0.17364,0.0877664,0.0619788,0.0067019,0.0068614,0.0065037
46,sample46.txt,2.29931,Encryption,0.410214,0.203519,0.101763,0.0746373,0.0078852,0.0076294,0.0075206
46,sample46.txt,2.29931,Decryption,0.539268,0.329528,0.296245,0.149851,0.0075997,0.0072735,0.0073981
47,sample47.txt,2.64106,Encryption,0.642244,0.306888,0.160587,0.157017,0.0078629,0.0080272,0.0080699
47,sample47.txt,2.64106,Decryption,0.596253,0.332307,0.180541,0.181251,0.0085604,0.0084573,0.0086088
48,sample48.txt,3.0336,Encryption,0.791817,0.381066,0.197649,0.191632,0.0095565,0.0096735,0.009325
48,sample48.txt,3.0336,Decryption,0.75884,0.359603,0.182124,0.190836,0.0091896,0.0094576,0.0100653
49,sample49.txt,3.48448,Encryption,0.927311,0.420944,0.214893,0.217965,0.0103276,0.0136014,0.0106671
49,sample49.txt,3.48448,Decryption,0.83942,0.425436,0.221641,0.233858,0.0106881,0.0111198,0.0108069
50,sample50.txt,4.00238,Encryption,1.05388,0.441268,0.234262,0.252537,0.0124419,0.0127598,0.0125524
50,sample50.txt,4.00238,Decryption,0.992401,0.498786,0.269717,0.264131,0.0125342,0.0127927,0.0129351
51,sample51.txt,4.59726,Encryption,1.14535,0.504347,0.260779,0.268783,0.0144449,0.016862,0.0145986
51,sample51.txt,4.59726,Decryption,1.16122,0.652814,0.292324,0.288415,0.0144361,0.0146518,0.0146192
52,sample52.txt,5.28055,Encryption,1.32705,0.59453,0.308498,0.328042,0.0165018,0.0163661,0.0165193
52,sample52.txt,5.28055,Decryption,1.43114,0.644698,0.332716,0.326505,0.0161183,0.0169368,0.0164114
53,sample53.txt,6.06539,Encryption,1.51269,0.676216,0.357289,0.373162,0.018713,0.0192664,0.0190779
53,sample53.txt,6.06539,Decryption,1.70751,0.77442,0.359922,0.360098,0.0188312,0.0195528,0.0196179
54,sample54.txt,6.96689,Encryption,1.67247,0.780798,0.414843,0.415031,0.0212411,0.0217904,0.0191682
54,sample54.txt,6.96689,Decryption,1.99648,0.733786,0.392357,0.462427,0.0213984,0.0220675,0.022327
55,sample55.txt,8.00238,Encryption,1.9285,0.924124,0.49192,0.532177,0.0239868,0.0254751,0.0250052
55,sample55.txt,8.00238,Decryption,2.08952,0.965517,0.530969,0.544327,0.024304,0.0260267,0.0259086
56,sample56.txt,9.19178,Encryption,1.97382,1.08629,0.624873,0.643177,0.0277109,0.0324998,0.0282522
56,sample56.txt,9.19178,Decryption,2.56251,1.03872,0.556628,0.557946,0.0276555,0.0281665,0.0287144
57,sample57.txt,10.558,Encryption,2.41556,1.1624,0.629798,0.788944,0.0314673,0.0320069,0.0251108
57,sample57.txt,10.558,Decryption,2.83612,1.16835,0.649267,0.673394,0.031254,0.0320266,0.0328967
58,sample58.txt,12.1272,Encryption,2.74527,1.32425,0.818154,1.23063,0.0352639,0.0366559,0.0366443
58,sample58.txt,12.1272,Decryption,3.19125,1.38197,0.802631,0.929667,0.0356412,0.0366467,0.0370513
59,sample59.txt,13.9296,Encryption,3.46137,1.62536,0.853954,0.915769,0.0406893,0.0446447,0.0418088
59,sample59.txt,13.9296,Decryption,3.52542,1.59858,0.847569,0.948241,0.0409186,0.0417999,0.0437386
60,sample60.txt,16,Encryption,3.66734,1.83103,1.04126,1.21564,0.0464509,0.0423951,0.0350265
60,sample60.txt,16,Decryption,4.2526,1.73212,1.05068,1.25728,0.0465277,0.0418388,0.0449251
61,sample61.txt,17.6,Encryption,4.13095,1.98965,1.14579,1.38299,0.049903,0.0464036,0.0379921
61,sample61.txt,17.6,Decryption,4.74069,1.99183,1.19787,1.34462,0.0503103,0.0462108,0.0383515
62,sample62.txt,19.5373,Encryption,4.59832,2.22628,1.41837,1.5681,0.0555212,0.0520078,0.0426015
62,sample62.txt,19.5373,Decryption,4.90271,2.24874,1.51285,1.49554,0.0559651,0.0583688,0.0582852
63,sample63.txt,21.6879,Encryption,5.07204,2.74074,1.74013,1.80433,0.0623225,0.0639618,0.0641716
63,sample63.txt,21.6879,Decryption,5.33802,2.51885,1.40159,1.7362,0.0624158,0.0646673,0.0687546
64,sample64.txt,24.0752,Encryption,5.75088,2.7806,1.58972,1.93642,0.0710337,0.0740064,0.0725735
64,sample64.txt,24.0752,Decryption,5.95646,3.14084,1.63259,1.73888,0.0693944,0.0725376,0.054693
65,sample65.txt,26.7253,Encryption,6.53494,3.41181,2.15758,2.32874,0.0767397,0.0940859,0.0801323
65,sample65.txt,26.7253,Decryption,7.23525,3.24663,1.76202,2.21948,0.0765033,0.0707299,0.0571408
66,sample66.txt,29.6671,Encryption,7.19272,3.60704,2.26787,2.53278,0.0839868,0.0864641,0.0677292
66,sample66.txt,29.6671,Decryption,7.33851,3.7092,2.00347,2.35479,0.0837608,0.0741537,0.0510223
67,sample67.txt,32.9327,Encryption,7.75123,4.04056,2.48732,2.64876,0.0931003,0.0971707,0.086152
67,sample67.txt,32.9327,Decryption,8.1523,3.81285,2.26713,2.8475,0.0894682,0.0722729,0.0702331
68,sample68.txt,36.5578,Encryption,8.36813,4.45681,2.43849,2.72929,0.0916507,0.0779991,0.0775084
68,sample68.txt,36.5578,Decryption,8.98489,4.84194,2.77027,3.17253,0.10276,0.110683,0.0926739
69,sample69.txt,40.5819,Encryption,9.6119,5.14127,3.00376,3.54142,0.115436,0.121344,0.0892349
69,sample69.txt,40.5819,Decryption,10.1234,5.60887,3.28253,3.69621,0.114549,0.104259,0.0850168
70,sample70.txt,45.049,Encryption,11.1981,5.41293,3.26275,3.6317,0.116333,0.0946659,0.100079
70,sample70.txt,45.049,Decryption,11.2888,5.33603,3.28855,3.6438,0.126233,0.134855,0.0796294
71,sample71.txt,50.0078,Encryption,11.9361,6.39719,3.46044,3.97762,0.138627,0.120535,0.0917354
71,sample71.txt,50.0078,Decryption,12.3117,6.07131,3.50014,3.97075,0.14052,0.120824,0.0899504
72,sample72.txt,55.5124,Encryption,13.3227,6.85416,4.13766,4.21509,0.138336,0.116898,0.107682
72,sample72.txt,55.5124,Decryption,13.6101,6.78923,3.79255,4.10289,0.155166,0.140865,0.093363
73,sample73.txt,61.623,Encryption,14.403,7.59305,4.75175,4.75389,0.160013,0.104964,0.103518
73,sample73.txt,61.623,Decryption,15.2384,7.42051,4.70207,4.65743,0.171612,0.106478,0.107424
74,sample74.txt,68.4061,Encryption,16.5052,8.33396,5.00585,5.34034,0.164774,0.119104,0.112432
74,sample74.txt,68.4061,Decryption,16.5124,8.24298,4.94862,5.51915,0.171139,0.150388,0.116826
75,sample75.txt,75.936,Encryption,18.2575,9.32156,5.75715,5.64029,0.187677,0.156648,0.127995
75,sample75.txt,75.936,Decryption,18.7914,9.57213,5.6111,5.56849,0.187125,0.158112,0.125507
76,sample76.txt,84.2946,Encryption,20.1469,10.2313,6.27856,6.48639,0.207772,0.165291,0.140251
76,sample76.txt,84.2946,Decryption,20.6318,10.0905,6.41435,6.58599,0.20752,0.163678,0.136097
77,sample77.txt,93.5734,Encryption,22.1944,11.5809,6.83774,7.02648,0.231959,0.181528,0.158326
77,sample77.txt,93.5734,Decryption,22.9796,11.3672,7.03911,7.25346,0.231101,0.207815,0.167952
78,sample78.txt,103.874,Encryption,17.4093,11.6153,7.54648,5.97132,0.253458,0.2153,0.190669
78,sample78.txt,103.874,Decryption,25.466,13.0225,7.77608,7.9139,0.287569,0.213543,0.171925
79,sample79.txt,115.307,Encryption,27.0422,14.98,9.11041,8.96297,0.272177,0.210947,0.211845
79,sample79.txt,115.307,Decryption,27.2246,14.5944,8.93784,8.99771,0.267836,0.201964,0.201625
80,sample80.txt,128,Encryption,30.1932,15.745,9.71824,9.57634,0.290986,0.20953,0.207061
80,sample80.txt,128,Decryption,30.7734,15.1548,9.62264,9.50454,0.294879,0.212961,0.209267
81,sample81.txt,140.8,Encryption,32.811,17.1339,10.5726,10.5715,0.327392,0.228744,0.224043
81,sample81.txt,140.8,Decryption,33.36,17.2989,10.6543,10.4773,0.342732,0.234482,0.238955
82,sample82.txt,156.299,Encryption,37.2008,20.0587,12.3201,12.353,0.359621,0.262774,0.251805
82,sample82.txt,156.299,Decryption,35.3263,15.1682,11.1927,6.98238,0.343115,0.242591,0.237889
83,sample83.txt,173.503,Encryption,28.6381,16.5795,10.1738,7.32178,0.407687,0.28522,0.273989
83,sample83.txt,173.503,Decryption,30.8499,17.4317,9.99569,9.11224,0.39875,0.284828,0.28268
84,sample84.txt,192.602,Encryption,33.5407,20.2287,10.9738,8.24027,0.436226,0.30794,0.303409
84,sample84.txt,192.602,Decryption,36.4226,18.5794,10.7039,8.39601,0.419516,0.31835,0.313677
85,sample85.txt,213.802,Encryption,37.8665,20.9233,13.1637,11.182,0.48093,0.324469,0.311548
85,sample85.txt,213.802,Decryption,39.52,20.81,11.4482,9.36257,0.443929,0.308367,0.296999
86,sample86.txt,237.337,Encryption,40.3903,29.8914,17.6223,17.8268,0.536568,0.376012,0.36259
86,sample86.txt,237.337,Decryption,55.3347,28.1273,17.1858,16.9664,0.514359,0.375254,0.351069
87,sample87.txt,263.462,Encryption,60.1282,31.2779,18.5511,18.6214,0.573367,0.405846,0.382768
87,sample87.txt,263.462,Decryption,60.5421,30.6852,18.4866,18.7895,0.558318,0.413422,0.387354
88,sample88.txt,292.462,Encryption,64.4791,34.0128,21.0333,21.091,0.580093,0.458892,0.429078
88,sample88.txt,292.462,Decryption,66.4139,34.7304,20.6273,20.8689,0.60399,0.455815,0.426289
89,sample89.txt,324.655,Encryption,73.5906,37.6613,23.1258,23.2126,0.691683,0.488079,0.451171
89,sample89.txt,324.655,Decryption,73.1182,37.2112,22.43,22.4236,0.716908,0.540111,0.529184
90,sample90.txt,360.392,Encryption,80.0152,40.7076,24.448,25.0833,0.702247,0.536004,0.484727
90,sample90.txt,360.392,Decryption,79.7939,42.789,25.042,20.2133,0.711279,0.509497,0.467689
91,sample91.txt,400.062,Encryption,69.4347,40.0157,23.9005,19.067,0.772419,0.612787,0.575704
91,sample91.txt,400.062,Decryption,82.8957,48.9005,29.0487,29.2889,0.815456,0.698284,0.658208
92,sample92.txt,444.099,Encryption,103.465,58.5703,32.9181,23.284,0.822996,0.649804,0.59444
92,sample92.txt,444.099,Decryption,81.2137,43.566,25.5812,20.5881,0.834978,0.682622,0.625219
93,sample93.txt,492.984,Encryption,87.8702,46.4964,30.5624,21.3024,0.899848,0.677219,0.620465
93,sample93.txt,492.984,Decryption,89.3077,48.7824,27.4391,22.7194,0.902755,0.725841,0.668134
94,sample94.txt,547.249,Encryption,92.8453,51.2912,30.8023,25.2683,0.98622,0.765902,0.670247
94,sample94.txt,547.249,Decryption,97.7691,49.3964,29.6335,24.3136,1.01007,0.767613,0.785993
95,sample95.txt,607.488,Encryption,102.707,55.7945,32.5338,25.4212,0.964755,0.78353,0.75874
95,sample95.txt,607.488,Decryption,106.96,54.3879,33.068,24.504,0.954339,0.803505,0.743044
96,sample96.txt,674.357,Encryption,114.671,60.9012,38.7389,28.6992,1.12397,0.875267,0.810392
96,sample96.txt,674.357,Decryption,112.177,61.5187,34.8879,25.8183,1.08688,0.859357,0.800683
97,sample97.txt,748.587,Encryption,120.882,66.7787,38.0861,27.0873,1.22535,0.928822,0.854283
97,sample97.txt,748.587,Decryption,121.757,66.1305,36.961,26.8498,1.21139,0.91295,0.903122
98,sample98.txt,830.988,Encryption,126.253,72.5315,42.1111,30.2418,1.19268,0.975213,0.826808
98,sample98.txt,830.988,Decryption,132.556,73.916,42.4091,30.6522,1.26506,1.02625,0.969959
99,sample99.txt,922.46,Encryption,143.854,82.8139,48.6229,33.5039,1.33249,1.06277,0.920172
99,sample99.txt,922.46,Decryption,151.818,81.549,46.6422,34.747,1.41276,1.08255,0.94657
100,sample100.txt,1024,Encryption,162.71,89.7751,66.8841,71.9547,1.64527,1.3492,1.22943
100,sample100.txt,1024,Decryption,190.758,91.1681,51.7585,38.6598,1.471,1.15009,1.01056
